ID,Latitude,Longitude,Dotter,Dotter'sColonyNumber,ColonyName,Habitat,Oil,Notes,AdditionalNotes
5,"29.6873","-89.4646","PJC","10","Biloxi South 1",,"N","BLSK colony in early stages; roosting FOTE; birds detected/counted only on the beach, nothing on grass/marsh",
6,"29.3341","-89.8716","PJC","11","Cat Bay South Island","marsh/grass island w. taller grass;some bare areas","N","WHIB count good, TRHE and LAGU site counts likely low; TRHE on eggs, but little if any egg-laying yet for WHIB and LAGU; several hundred additional LAGU on water not counted",
7,"29.5247","-89.5726","PJC","12","Biloxi South 11","shrubs","N","coverage ~ 90%",
8,"29.5021","-89.5356","PJC","14","Long Bay Island","large marsh/grass island","N","WHIB count good, TRHE and LAGU site counts likely low; coverage ~ 80%; some small beaches that looked like good tern habitat missed; LAGU still pairing up",
9,"29.8494","-93.3830","PJC","17","Rabbit Island","huge marsh/grass island w. ponds & open water","N","BRPE estimate good; most conspicuous groups of white waders counted, but some missed and much surface area of island not counted; TRHE/LAGU coverage no doubt low, but hard to quantify how low",
2,"29.8166","-89.3095","KKN","2","Biloxi North 30 B",,"N","mostly vegetated with some open sand; BLSK, FOTE dominant, some BRPE roost",
3,"29.8191","-89.3103","KKN","3","Biloxi North 30 A",,"N","mostly vegetated with some open sand: FOTE, LAGU",
4,"29.7630","-89.2851","KKN","4","Biloxi North 32",,"N","open tip of vegetated point; area boomed; birds roosting; SATE, LAGU, ROYT",
5,"29.7411","-89.3568","KKN","5","Deadman Point",,"N","mostly vegetated, some open shore areas and pond areas; LAGU and BRPE dominant; screen capture for area 07 is missing but count is in database (<10 gulls)",
6,"29.7439","-89.4532","KKN","6","Biloxi North 34",,"N","man-made structure and pilings",
7,"29.9059","-89.2954","KKN","7","Biloxi North 25",,"N","vegetated with some open shore; FOTE, LAGU and TRHE",
8,"29.8979","-89.3010","KKN","8","Biloxi North 26",,"N","mostly vegetated; TRHE",
9,"29.8920","-89.3273","KKN","9","Anderson Point Island",,"N","water channel in marsh",
10,"29.8283","-89.3191","KKN","10","White Log Lake Islands",,"N","water channel in marsh",
11,"29.8426","-89.3064","KKN","11","Dry Bread Island",,"N","vegetated with some open shore, channels; waders in interior areas; lots TRHE; gulls/terns roosting on shore",
12,"29.8043","-89.2815","KKN","12","Biloxi North 31",,"N","mostly vegetetaed with some open shore and ponds; FOTE dominant",
13,"29.9197","-89.2627","KKN","13","Drum Bay Island",,"N","mostly vegetated; waders dominate (TRHE, WHIB, GREG)",
14,"29.9813","-89.2574","KKN","14","Biloxi North 18",,"N","bare tip of vegetated spit; BRPE roost",
15,"29.9751","-89.2762","KKN","15","Biloxi North 17",,"N","shallow/ wet marsh; gull and tern roost",
16,"29.9984","-89.2924","KKN","16","Biloxi North 16",,"N","shrub and grass; wader colony in shrubs (mostly WHIB)",
17,"29.4955","-89.1742","KKN","17","Breton Island",,"N","Breton Island low vegetation and dry areas, sand spits BRPE and terns dominant; 3 major areas (1. man made marshy/ dry ground enclosure 2. large open sand/dune 3.mix of sand and vegetated higher ground/ sand spits and open sand with tern colony",
18,"30.0271","-89.2796","KKN","18","Biloxi North 12",,"N","very small; mostly vegetated with small open sand areas",
19,"29.9628","-89.3156","KKN","19","Little Mud Grass Island Northeast",,"N","vegetated with some open edges and wet/ shallow mudflat tern roosts",
20,"29.9590","-89.1984","KKN","20","Martin Island",,"N","vegetated with wide open sand edge; BLSK colony, LAGU and some BRPE, ROSA",
21,"29.9220","-89.3156","KKN","21","Hell Pass Coast",,"N","exposed rock roost, also mostly vegetated main island with sandy/rocky open edge",
22,"29.9168","-89.4183","KKN","22","Biloxi North 28",,"N","vegeated small island with ponds; FOTE dominant",
23,"29.9207","-89.5374","KKN","23","Biloxi Lake B 2",,"N","mudflat roost of gulls/terns",
24,"29.9295","-89.2373","KKN","24","Turtle Pen Isle",,"N","small vegetated island with wide sand edge; BLSK colony",
25,"29.8734","-88.8793","KKN","25","New Harbor Island 1",,"N","isolated BRPE breeding colony next to water channel",
26,"29.9943","-89.2162","KKN","26","Biloxi North 15",,"N","open sparsely vegetated sandy island; BLSK colony",
27,"29.9679","-89.2276","KKN","27","Redfish Bend",,"N","sandy edges to vegetated area; LAGU dominant, some BRPE",
28,"29.3471","-89.8670","KKN","28","Cat Bay Island",,"N","2 smallish islands packed with GREG and BRPE, some other waders; shrubby, wet below, ponds, all nests area elevated; many BRPE and GREG chicks nesting well advanced for both species; NOTE numbers on screen captures for GEG do not match database, see notes",
43,"29.6407","-92.7851","SLF","9","Louisiana West 4",,"N","tern-gull intertidal roost",
44,"29.6755","-92.8694","SLF","10","Louisiana West 5",,"N","tern-gull intertidal roost",
45,"29.9590","-89.1983","SLF","11","Martin Island",,"Y","Martin Island reshoot (see 7 May); boom washed up on beach; one oiled SATE",
29,"30.0637","-89.1928","KKN","29","Door Point Lagoon 1",,"N","large vegetated island with wide sandy edges; BRPE colony and LAGU dominant",
30,"30.0670","-89.1841","KKN","30","Door Point Lagoon 2",,"N","mostly vegetated with BRPE at edges",
31,"30.0578","-89.2011","KKN","31","Biloxi North 7",,"N","mostly vegetated with BRPE at edges; many pairs and nests are largely PBN so early stages",
32,"30.0525","-89.1944","KKN","32","Biloxi North 8",,"N","actually same island complex as above; same notes re: BRPE phenology",
1,"29.9368","-89.2873","KKN","1","Biloxi North 22",,"N","small vegetated island with FOTE only",
33,"29.0948","-90.6108","PJC","18","Wine Island","sand w. patchy, low vegetation","N","Complete coverage of breeding terns, pelicans, and gulls; small group of skimmers in OV not obviously breeding; roost counts good, but not 100%",
34,"29.8004","-88.8628","PJC","19","Chandeleur South A","beach","N","Small #s of terns on eggs; UNTE roosters in proprtion to SATE, ROYT, and CATE sites; few if any BLSK on eggs",
35,"29.7808","-88.8740","PJC","20","Chandeleur South C","sand","Y","small, unvegetated island; SATE and LAGU pairing up; BLSK also early but appear on territories; Oil apparently washing up nearby - see Camera1 294 and Camera2 4741",
36,"29.0596","-90.9416","SLF","1","Raccoon Island West",,"N","Immediately west of Raccoon Island; coverage apparently complete; some LAGU still pairing up",
37,"29.4282","-91.3287","SLF","2","Heron Island",,"N","nests in trees; some likely missed lower in canopy for all spp., but coverage was good",
38,"29.3141","-91.3429","SLF","4","Vermilion Bay 1",,"N","all birds on intertidal of sandspit",
39,"29.6069","-91.8913","SLF","5","Bayou Platte Island South",,"N","small island within greater Marsh Island complex",
40,"29.5776","-92.5678","SLF","6","Louisiana West 1",,"N","sandspit",
41,"29.5967","-92.6617","SLF","7","Louisiana West 2",,"N","beach roost",
42,"29.6137","-92.7139","SLF","8","Louisiana West 3",,"N","narrow roost on intertidal area of beach",
46,"30.0049","-89.2309","SLF","12","West Karako Bay Islet",,"N","roost on tiny sandbar",
47,"29.3856","-91.3858","SLF","3","Skimmer Island",,"N","37% of WHIB estimated from Overviews; TRHE only counted in WHIB areas; large island with bunchgrass and scattered trees and shrubs; only WHIB areas were photographed w. closeups",
48,"29.3659","-89.8357","PJC","22","Bay Ronquille Northeast Island","marsh/grass island","N","coverage near 100%",
49,"29.3727","-89.8929","PJC","23","Grand Island Point","marsh/grass island","N","only partial closeup coverage (50%); used OVs well; gull/tern #s good, and TRHE #s likely only slightly low",
50,"30.0261","-89.2274","SLF","13","Biloxi North 13",,"N","LAGU only colony; good coverage",
51,"30.0038","-89.2065","SLF","14","Biloxi North 14",,"N","good coverage; some LAGU possibly hidden in tall grass",
52,"29.9368","-89.2873","SLF","15","Biloxi North 22",,"N","small marsh island; 100% coverage",
53,"30.0324","-89.3141","SLF","16","Biloxi North 11",,"N","small marsh island; 100% coverage",
54,"30.0485","-89.3220","SLF","17","Biloxi North 10 A",,"N","two adjacent islands; good coverage",
55,"30.0516","-89.3183","SLF","18","Biloxi North 10 B",,"N","marsh island; some LAGU possibly hidden in tall grass",
56,"30.0481","-89.3202","SLF","19","Biloxi North 10 C",,"N","small marsh island; 100% coverage",
57,"30.0476","-89.3183","SLF","20","Biloxi North 10 D",,"N","small marsh island; 100% coverage",
58,"30.0502","-89.3117","SLF","21","Biloxi North 10 E",,"N","small marsh island; close-up coverage incomplete, some birds estimated from Overviews; overall coverage, not bad",
59,"29.5299","-89.0869","PJC","24","Gosier Islands South","intertidal sandbar","N","long intertidal sandbar; looks like no breeding habitat",
60,"30.0080","-88.8466","PJC","25","Chandeleur North A","beach","N","breeding habitat available, but all birds loafing; likely surveyed too early; 5 Horseshoe Crabs seen",
61,"29.9450","-88.8310","PJC","26","Chandeleur North B",,"N","bathing/foraging birds only",
62,"29.7942","-88.8650","PJC","27","Chandeleur South B",,"N","exposed mudflat; non-breeding habitat",
63,"29.8150","-88.8567","PJC","28","Chandeleur North E","sand","N","long, narrow sand island; good BLSK habitat, but no breeding apparent yet",
64,"29.8275","-88.8475","PJC","29","Chandeleur North D","mudflat","N","loafing birds on exposed mudflat",
65,"29.8375","-88.8388","PJC","30","Chandeleur North C","beach & marsh/grass","N","LAGU just setting up, but looks like a decent colony in the making",
66,"29.6523","-89.4640","PJC","31","Biloxi South 5 A","marsh/grass island","N","mostly just a LAGU colony; coverage not bad - LAGU estimate likely ~ 90% complete",
67,"30.0675","-89.2069","SLF","22","Biloxi North 5","marsh/grass island w. sandy beaches","N","ROYT nesting just starting; LAGU coverage on the order of 75%",
68,"30.1376","-89.4352","SLF","25","Half Moon Island",,"N","big marsh island complex, w. sandbar on west side; conspicuous birds apparently covered well, but over relatively small portion of island; one dead waterbird (Gull?) in Area 4",
2,"29.6055","-89.5887","PJC","6","Biloxi South 7","marsh/grass island","N","most FOTE sitting tight; egg-laying likely had begun; coverage good",
3,"29.5291","-89.5507","PJC","7","Biloxi South 10 B",,"N","eggs seen in several GREG and ROSP nests in shrubs; coverage complete for them, but likely low for TRHE",
4,"29.5334","-89.5560","PJC","8","Biloxi South 10 C","marsh/grass island","N","most GREG w. small chicks; coverage excellent",
69,"30.2382","-88.8867","SLF","26","Ship Island East",,"N","small barrier island east of Ship Island south of Gulfport; coverage 100%",
70,"30.2433","-88.7758","SLF","27","Horn Island","mostly sand island","N","boom present; empty BLSK scrapes indicate recent colony formation, not abandoned nests; skimmers and terns can make multiple scrapes in pairing up",
71,"30.2237","-88.5912","SLF","28","Horn Island",,"N","sandpsit at east end of Horn Island",
72,"29.6521","-89.4577","PJC","32","Biloxi South 5 B","marsh/grass island","N","LAGU coverage prob ~80%; wader coverage representative - very few present",
73,"29.5758","-89.5727","PJC","33","Belle Isle","marsh/grass island","N","coverage of breeding areas good, though actual island surface area photographed prob <50%",
74,"29.3631","-89.8534","PJC","34","Bay Ronquille Northwest Island","marsh/grass island","N","one dead LAGU belly-up in image 0695; covergae not 100%, but good for all spp. present",
75,"30.2289","-88.3269","SLF","29","Dauphin Island 1",,"N","Barrier spit west of Dauphin I; West End",
76,"30.2274","-88.3173","SLF","30","Dauphin Island 2",,"N","Barrier spit west of Dauphin I; Middle",
77,"30.2367","-88.2661","SLF","31","Dauphin Island 3",,"N","Barrier spit west of Dauphin I; East End",
78,"30.2791","-88.1193","SLF","32","Cedar Island",,"N","Sandspit roost, north side of Cedar Island",
79,"30.3207","-88.2099","SLF","33","Cat Island","sandy beaches; thick shrubs in middle","N","TRHE detectability less than at marsh/grass islands; WHEG may include Cattle",
80,"30.3350","-88.2619","SLF","34","Terrapin Island",,"N","large marsh island, w. only a small portion photographed; rest of island presumably empty? also named Isle Aux Herbes",
81,"30.3454","-88.4083","SLF","35","Mississippi Coast 1","sandbar","N","sandbar",
82,"30.2970","-88.5880","SLF","36","Old Round Island",,"N","boom present (Camera 2)",
83,"30.3524","-88.5882","SLF","37","Mississippi Coast 2",,"N","sandbar",
84,"30.3911","-88.9705","SLF","38","Beauvoir",,"N","mainland beach, west Biloxi",
85,"30.0340","-89.1863","SLF","23","Brush Island",,"N","boom being laid out on survey date; skipped initial survey because meny terns were in the air; returned to the colony at the end of the day; tern coverage excellent, some interior LAGU likely missed",
86,"29.0941","-90.2212","SLF","39","Belle Pass East",,"N","Port Fourchon; excellent coverage",
87,"27.8451","-97.4896","PJC","41","Nueces Rivermouth",,"N","Spp. composition and estimates good; birds at multiple levels in trees made some IDs tough",
88,"27.8418","-97.3755","PJC","42","Nueces Causeway",,"N","East Nueces Bay;LAGU/ROYT chicks wandering;ROSP,GBHE chicks fledgling-sized;BLSK coverage ~ 90%, chicks small;coverage more like 80% for other spp.",
89,"27.9326","-97.0995","PJC","44","Causeway Island Platforms A",,"N","large GREG chicks wandering widely; GREG/GBHE site estimates good; likely a few TRHE sites not visible/done",
90,"28.0333","-97.0395","PJC","45","Little Bay C",,"N","long, wide island w. low vegetation; ROSP/GBHE counts good, but other waders and LAGU very scattered and hard to see - counts therefore low; TRHE juvs wandering",
91,"28.0397","-97.0413","PJC","46","Pine Oak Woods",,"N","tall trees adjacent to residential area; sites estimated well from OVs; many chicks evident from closeups",
92,"28.0561","-97.1333","PJC","47","Copano Rattlesnake Point","marsh w. beach & shrubs","N","Excellent Coverage; possibly a few CAEG misidentified as Snowy; possibly a few ""small dark herons"" missed, maybe even Green",
93,"28.0700","-97.0930","PJC","48","Salt Lake G","sand/low shrubs/ art. Platforms","N","coverage good",
94,"28.0659","-96.9629","PJC","49","Long Reef Deadman Islands A","mostly sand w. sparse shrubs","N","many tern chicks present (likely ROYT), but photo quality/coverage insufficient for nest etimate",
95,"28.0763","-96.9655","PJC","50","Long Reef Deadman Islands B","mostly sand w. low grass/shrubs","N","tern site estimates low; empty scrapes present, possibly w. fully-grown chicks on shoreline",
96,"28.1222","-96.9690","PJC","51","Black Jack Point Reef I","sand w. patchy veg","N","coverage good",
97,"28.1857","-96.8137","PJC","52","Second Chain of Islands J","low shrubs","N","coverage good",
98,"28.1880","-96.7988","PJC","53","Second Chain of Islands K","sand w. patchy veg.","N","coverage good",
99,"28.1905","-96.8113","PJC","54","Second Chain of Islands I","sand/low shrubs","N","some egret and gull chicks wandering; survey timing good for this colony",
100,"28.1933","-96.8145","PJC","55","Second Chain of Islands G","sand/low shrubs","N","many GREGs and GBHEs done w. large HY birds along shoreline; dotted groups of HYs as SITEs; WHIB count very good, but still likely a bit low; lots of nesting waders parlty obscured by shrubs",
101,"28.2090","-96.8010","PJC","56","Second Chain of Islands B","sand/grass/low shrubs","N","Lat-Long approximate b/c no land apparent on GoogleEarth",
102,"28.2940","-96.6970","PJC","57","Little Bird Island","sand","N",,
103,"28.4554","-96.8063","PJC","58","Kamey Island","inundated shrubs","N","WHEG = 90% CAEG, 10% SNEG; only SITEs counted for CAEG/SNEG, and not birds",
104,"28.9395","-89.3937","PJC","63","Burrwood Bayou South",,"N","loafing birds on nonbreeding habitat",
105,"28.9720","-89.3475","PJC","64","Burrwood Bayou North",,"N","loafing birds on nonbreeding habitat",
106,"29.2558","-90.4400","PJC","16","Felicity Island","large marsh/grass island","N","Nest/Site estimates for terns and pelicans good, but ~ 90% for all other spp;",
47,"28.8463","-95.4912","WAW","WAW00","Cedar Lakes 3","ShrubScrub Island","N","Assume this is a partial island (not mainland) shoreline, within Cedar Lakes area, San Bernard NWR, TX.  Only one photo taken (camera1); breeding sites not apparent, but may be within/under vegetation.",
48,"28.9219","-95.3797","WAW","WAW02","Bryan Mound","ShrubMangrove Island","N","Island, near Old Reservoir complex, Freeport, TX.  Breeding colony within mangrove/tall bush area of island; photo coverage 100%, images from camera 1 and 2.",
141,"29.3474","-89.8672","DLJ","3","Cat Bay Island",,,,
142,"29.5314","-89.5535","DLJ","2","Biloxi South 10 A",,,,
49,"29.0123","-95.2253","WAW","WAW03","Drum Bay Islands 2","ShrubMarsh Island","N","Island, Drum Bay, south of Brazoria NWR, TX.  Photo coverage of island 70%, images from camera 1 and 2.",
50,"29.0192","-95.2193","WAW","WAW04","Drum Bay Islands 6","ShrubScrub Island","N","Island, Drum Bay, south of Brazoria NWR, TX.  Photo coverage of island 80%, images from camera 1.",
51,"29.0193","-95.2188","WAW","WAW05","Drum Bay Islands 5","ShrubScrub Island","N","Island, Drum Bay, south of Brazoria NWR, TX.  Photo coverage of island 90%, images from camera 1 and 2.",
52,"29.0293","-95.2024","WAW","WAW06","Arcadia Reef A","ShrubScrub Island","N","Island, Christmas Bay, south of Brazoria NWR, just NW of Follets Island, TX.  Photo coverage of island 70%, images from cam1 and cam2; good diversity, many SDHE likely LBHE or DAIB; many juveniles/chicks, several likely LBHE and BCNH.",
53,"29.0293","-95.2008","WAW","WAW07","Arcadia Reef B","ShrubScrub Island","N","Island, Christmas Bay, south of Brazoria NWR, just NW of Follets Island, TX.  Photo coverage of island 65%; most images blurred, both from cam1 and cam2.",
54,"29.0337","-95.2409","WAW","WAW08","Wolf Lake Skimmer Area","ShellSandScrub","N","Mainland, dredge spoil fenced area, Brazoria NWR, Wolf Lake Skimmer Area, in the Salt, Nicks, and Wolf Lake complex, TX.  Photo coverage 100% from both cam1 and cam2.",
55,"29.0580","-95.1619","WAW","WAW09","Follets Island","Structure","N","Remnants of old wooden dock, near Follets Island, Christmas Bay, TX.  Photo coverage 100%; roosting area only.",
56,"29.1595","-95.0202","WAW","WAW10","Texas Coast 9","Tree/Brush Residence","N","Residence of tall trees and brush with small lake, SW of Galveston Island, TX; near wetlands.  Photo coverage 100%; primarily only roosting adults in dead/dying trees visible.",
57,"29.1954","-94.9933","WAW","WAW11","Jumbile Cove/Live Oak Grove","MarshScrub Island","N","Manmade mounds in restoration project, Jumbile Cove (Jamaica Beach), TX; center of island is bare mudflat surrounded by marsh vegetation.  Photo coverage 100%; only one bird and empty nests counted, no sites apparent.",
58,"29.1950","-94.9928","WAW","WAW12","Jumbile Cove/Live Oak Grove","MarshScrub Island","N","Manmade mounds in restoration project, Jumbile Cove (Jamaica Beach), TX; center of island is mudflat interspersed by and surrounded by marsh/scrub vegetation.  Photo coverage approx 90%; No adult birds off sites counted, several juveniles in mudflat area.",
59,"29.7900","-88.9735","WAW","WAW13","Freemason Island","Sand Island","N","Freemason Island, Chandeleur Sound, LA; long, narrow sandy island with few 'ponds' in wider areas.  Photo coverage approx. 90%.","PJC edited data 28may11: deleted UNGT empty nests and gull/tern chicks, changed all terns to UNTE; only BLSK appeared breeding"
60,"29.9197","-89.2627","WAW","WAW14","Drum Bay Island","MarshScrub Island","N","Marsh/wetland island, Drum Bay, LA.  Large marsh island rich with varied vegetation, pothole ponds, standing water; sandy/shell beach area approx. 5-10% of shoreline.  Photo coverage of  approx. 50% but colonies covered, many camera 1 images very blurred.","PJC comments: UNWA Empty nests way overestimated; LAGU not counted due to time constraints"
61,"29.8807","-89.2497","WAW","WAW15","Biloxi North 27","SandScrub Island","N","Large marsh island in Drum Bay, LA.  Island is adundant in inundated wetland, however colony areas photographed were isolated sandy shoreline only, these areas sparsely to moderately vegetated.  Colony area photo coverage 100%; images used from cam1.","PJC comments: UNWA Empty nests likely overestimated"
62,"29.9588","-89.1983","WAW","WAW16","Martin Island","MarshScrubSand Island","N","Martin Island, S of Fox Bay, LA.  Approximately 75% of shoreline is wide, sparsely to moderately vegetated sandy beach; interior inundated wetland/marsh with few large ponds.  Photo coverage 80-90%, images from both cameras.","PJC comments: UNWA Empty nests way overestimated; UNTE chick counts likely good, but most not accounted for w. a nest/site category; use May data for best Site estimates"
63,"30.1526","-89.1968","WAW","WAW17","Isle au Pitre","MarshScrubSand Island","N","Isle au Pitre, LA, SW of Cat Island Channel (LA-MS border).  Small, inundated wetland island with shoreline 90% wide sand/shell beach.  Camera 1 photos only, of BLSK colonies on sandy beaches.","PJC comments: UNWA Empty nests way overestimated"
64,"29.3459","-90.0342","WAW","WAW18","Fricot Bayou Island","MarshWetland Island","N","Small, fractured inundated wetland island in West Champagne Bay, LA.  Most substrate covered in grasses and wet, some marsh scrub in drier areas.  Camera 2 photos used; coverage of island approximately 85%.","PJC comments: UNWA Empty nests way overestimated; FOTE sites underestimated and FOTE chicks overestimated."
46,"28.8442","-95.4880","WAW","WAW01","Cedar Lakes 4","ShrubScrub Island","N","Island, within Cedar Lakes area, San Bernard NWR, TX.  Breeding colony within a fenced area, approximately 30-40% of the island; photo coverage of this fenced area approx. 98%, from both camera 1 and 2.",
107,"28.4512","-96.3648","SLF","43","Chester Island",,"N","most species w. big wandering chicks, making nest estimates difficult; coverage OK",
46,"29.5172","-94.5041","PAG","1","Rollover Bay B",,"N","100% coverage of colony",
47,"29.5178","-94.5024","PAG","2","Rollover Bay A",,"N","90% coverage; one island. Many immature TRHE observed, and empty nests for that species added after dotting.",
48,"29.5215","-94.5056","PAG","3","Rollover Bay D",,"N","90% coverage; two islands",
49,"29.5743","-94.3890","PAG","4","High Island",,"N","95% coverage; see overview screen capture for areas",
50,"29.7469","-93.8860","PAG","5","Point Hunt Island",,"N","85-90% coverage of larger island; most nests empty. Juvs counted in outlying areas first to assist w/ determining  species composition.",
51,"29.8480","-93.95240","PAG","6","Texas Coast 1",,"N","95% coverage; see overview screen capture for areas",
52,"29.85048","-93.95832","PAG","7","Motiva West 7th",,"N","100% coverage; see overview screen capture for areas",
47,"29.6952","-84.7769","KMR","1","Saint George Island","Marsh Grass","N","Few CAEG & GREG foraging in two separate and segregated groups; no nesting",
48,"30.0486","-84.3158","KMR","2","Smith Island","Variable","N","Marsh grasses, large shrubs, yucca-like plants.  Nesting areas spread out near beach, and in aggregations. Inadequate photo coverage of marsh-nesting species (TRHE, etc.).  BRPE mostly with large 7+ week old YY.  Only 1 imm BRPE seen (in a BRPE colony).",
50,"29.8781","-84.5684","KMR","3","Lanark Reef-Pelican Lump","Grasses","N","All BRPE early in chick rearing, maybe 2-4 weeks old.  Picture coverage is ok, but backup photos poor.  A strange un-id. Object seen in lower right of camera 2, pic 026.  Numerous loafing birds not counted due to poor picture quality.",
51,"29.8716","-84.5886","KMR","4","Lanark Reef West","Shrubs/Grasses","N","String of mostly connected low-lying islands; One large BRPE area missed by camera 1, but C2 picked up; BRPE phenology seemed to progress from west to east; 1 SOTE ad seen in Area 18; BLSK colonies on eastern portion of island string",
52,"29.6943","-84.8840","KMR","5","Saint George Causeway","Sand & Grasses","N","Long thin dredge is.; Many holes in the photo coverage overall, but also Camera 1, and used numerous Camera 2 pics for Areas; estimated only covered 2/3 of LAGU sites (Cam 2); Areas 19-35 use Camera 2, and quality is poor.",
53,"29.7143","-84.9749","KMR","6","Apalachicola Bird Island","sand/shrubs","N","Holes in camera 1 photo coverage, especially, but most all covered by camera 2; all BRPE incubating & tight on nests (only 1 empty); UNWA were likely LAGU, but couldn't tell with certainty in photos (blurry at high zoom)",
54,"29.6471","-85.1279","KMR","7","Lake Number Five","Shrubs/Swamp","N","Many holes in photo coverage, but able to get good samples with few close-ups; made rough estimation in one large region with poor coverage (Area 6); all white egrets, mostly GREG with large YY perched about; 1 GBHE AD",
55,"29.6243","-85.1519","KMR","8","Flag Island South","Sand Island","N","GBTE mixed in with BLSK in center of island; One boat with people on shore, another just offshore, and another sunk near shore half in/out of water; likely missed some roosting birds on unphotographed shoreline; overall good photo coverage.",
56,"29.6773","-85.2214","KMR","9","Saint Vincent Island Roost","Beach Roost","N","BRPE and LAGU roosting on the western beach of Saint Vincent Island;  no nesting.",
57,"30.1765","-85.7357","KMR","10","Audubon Island","Grasses/Sand","N","Circular island surrounded by riprap; BRPE nesting and roosting near/on riprap and island itself; Most BRPE YY are large 6-12 weeks old, but most still near nests; BRPE & LAGU only nesting/roosting species",
58,"29.1675","-95.1283","KMR","11","Mustang Bayou Island","Grasses/low Shrub","N","Approx. 2/3 of island was photographed by camera 1; In addition to extra adults of these sp., I estimate that there could be 150-250 additional LAGU nests, 25-35 WHEG nests, 5-10 BRPE nests, 15-25 TRHE nests, 25-50 ROYT nests.",
59,"29.0987","-95.1411","KMR","12","West Bay Bird Island New","Shrubs/Grasses","N","Great photo coverage on vegetated island; Many birds missed roosting on surrounding beaches (est. up to 1 thousand terns sp. with broods, >100+ BRPE, many LAGUs likely with broods); WHIB, TRHE still incubating; ROYT & SATE with broods on beachs",
60,"29.0949","-95.1408","KMR","13","West Bay Bird Island","shrubs/Tall Grasses","N","Trash strewn about everywhere and visible in Area 7 plus numerous others; photo coverage ~3/4 of island vegetation; TRHE incubating to fledged; similiar phenology for other ciconiiforms (WHEG, GBHE, WHIB, etc.); many nests already fledged and now empty",
61,"29.1327","-95.0742","KMR","14","Bay Harbor Island","Sand/Grasses","N","Close-up photos used to obtain bird counts, but dotted on overview photo; LAGU phenology ranged from site attendance to brood tending with large chicks",
62,"29.2851","-94.9265","KMR","15","North Deer Island","Variable","N","Grasses to shrubs to Yucca and Tamarisk; BRPE mostly with large 12+ wk YY; Most Heron/Egret/IBIS spp. still incubating/shading small YY, few TRHE with large YY; LAGU with large YY or incub.; Tern spp. with large YY on beaches; Est. 85% photo cov. -->","~85% photo coverage with camera 2.  For sake of time, did not look at camera 1 photos for dotting, but could likely get near full coverage with camera 1 photos."
64,"29.2943","-94.9334","KMR","16","Kanaloa Spoil East","Sand/Grasses","N","Series of three small low-lying islands; LAGU with med-sized YY; only 1 BRPE brood seen, among AD & IMM; Few SOTE broods in Areas 1 & 2; 1 MAFR seen roosted in a shrub (Area 2)",
65,"29.2905","-94.9289","KMR","17","Marker 52 Spoil Island","shrubs/grasses","N","Brood Category not used for Pelicans in Area 5 onward, all sub-adults classified as IMM, but most/many are YY, Late survey for BRPE, most YY independent and roosting on beaches; Most egrets still incubating/brooding; most LAGU with broods",
108,"29.7047","-89.5647","PJC","1","Biloxi South 2","marsh/grass island","N","small island; likely early and slightly incomplete for FOTE/LAGU",
109,"29.7017","-89.5487","PJC","2","Biloxi South 3","marsh/grass island","N","large island; TRHE coverage prob. <80%; SNEG coverage <100% also",
110,"29.2818","-89.9670","PJC","5","Beauregard Island","marsh/grass island w. some beach","N","some OVs used b/c lack of closeups; nest/site estimates good though",
111,"29.6629","-89.4628","PJC","9","Biloxi South 4 B","marsh/grass island w. some beach","N","coverage good",
112,"29.6569","-89.5145","PJC","3","Biloxi South 6",,"N","small group of FOTE",
113,"29.6618","-89.4672","PJC","4","Biloxi South 4 A","marsh/grass island","N","small group of FOTE",
114,"29.5392","-89.5353","PJC","13","Biloxi South 9","beach","N","no birds in grass/marsh detected",
115,"29.1437","-90.3475","PJC","15","Pelican Island","shrubs surrounded by water w. beach perimeter","N","coverage excellent",
116,"29.7988","-88.8605","PJC","21","Chandeleur South A","sand","N","coverage fine, but many terns standing at edge of water likely b/c not breeding yet",
1,"29.2923","-89.6732","MWP","1","Bastian Island","sandy","N","sandy beach area with skimmers, terns; 100% coverage",
2,"29.3043","-89.9592","MWP","2","Queen Bess Island","grassy marsh, grassy/rip rap/sandy levees","Y","100% coverage of levees but only about 70% coverage of marsh areas; numerous abandoned BRPE nests esp. in areas with oil along edge of colony; REEG ident. Issues; missed LAGU sites due to veg.; BRPE and other waders had large wandering chicks",
3,"29.4308","-89.9732","MWP","3","Manilla Island","grassy marsh","Y","95% coverage. Mostly FOTE ; some overviews utilized to get complete coverage",
140,"29.3656","-89.8646","DLJ","4","Cat Bay North Island",,,,
1,"29.8565","-88.8750","DLJ","1","New Harbor Island 2",,"N","vegetated island with ponds and marsh areas",
4,"29.4070","-89.2903","MWP","4","Willet Island","spotty plants with lots of bare ground","N","Not sure of coverage; overviews poor so not sure if complete coverage was achieved. All photos with birds were counted",
5,"29.3832","-89.3200","MWP","5","Bird Island Birdsfoot","sandy with spotty plants","N","100% coveage of nesting area; roost areas counted in overviews",
6,"29.1875","-89.3123","MWP","6","Birdsfoot West 2","sandy dredge spoil island?","N","100% coverage of nesting area using a couple of overview photos; roost areas counted in overview photos",
7,"29.2054","-89.3549","MWP","7","Birdsfoot West 1","marsh island","N","WHIB and some DAIB; 100% coveage of ibis areas as best can tell from overviews",
8,"30.5063","-88.0362","MWP","8","Gaillard Island","dredge island","Y","oil seen in water near island; veg and bare ground on island; used overviews to get complete coverage; about 25% of ibis area needed to be counted in overview photos; terns had chicks and were wondering considerably;BRPE ranged from large chicks to WBN;","probably under counted terns by 5% to 10%"
9,"29.0505","-90.9266","MWP","9","Raccoon Island","barrier island","N","near 100% coverage using overviews - especially for an area of BLSK, some BRPE and roosting birds; large tern groups with some wandering chicks; some LAGU missed due to lack of coverage;","LAGU 90% coverage; terns 95-98% covered"
10,"30.6686","-88.0125","MWP","10","Battery McIntosh","marshy island","N","100% coverage although vegetation probably prevented some birds from being seen especially LAGU",
11,"29.3261","-89.8319","MWP","11","Barataria Bay 4","marsh and shrub island","N","roost area only; 100% coverage",
12,"29.4955","-89.1742","MWP","12","Breton Island","veg. and bare/sandy islands","N","one large area of terns missed and potentially 3,000-5,000 sites were missed; one large LAGU area within the ""circle"" island was missed and probably a few BRPE were missed; roosts estimated from overviews; wandering terns and BRPE throughout colony;",
13,"29.3043","-89.9592","MWP","13","Queen Bess Island","grassy marsh, grassy/rip rap/ sandy levees","N","100% coverage of levees; about 90 to 95% coverage of marsh areas. Good counts even for TRHE",
14,"27.5522","-82.6000","MWP","14","Bird Key Terra Ceia","mangrove island","N","100% coverage using overviews; about 10% of colony counted in overview photos",
15,"27.6503","-82.5462","MWP","15","Piney Point Mangroves","mangrove island","N","100% coverage using some overview photos; approx. 85 WHIB sites counted in overviews and prob. An underestimate",
16,"27.8469","-82.4150","MWP","16","Sunken Island","mangrove island","N","used overviews in areas where BRPE were spotty to get 100% coverage. As usual nests/birds may be missed due to vegetation",
17,"27.8246","-82.4343","MWP","17","Hillsborough Channel Spoil Island","sandy island","N","small numbers of terns/skimmers may have been missed but overviews not sufficient to accurately determine. However, appears coverage was very close to 100%",
18,"27.8020","-82.7618","MWP","18","Dog Leg Key","mangrove island","N","wandering egret chicks and large BRPE chicks; coverage near or at 100%",
19,"27.7930","-82.7775","MWP","19","Little Bird Key North","mangrove island","N","100% coverage using some overviews to complete coverage",
20,"27.7058","-82.7351","MWP","20","Little McPherson Bayou Island","mangrove island","N","100% coverage using some overviews to complete coverage",
21,"27.6852","-82.7169","MWP","21","Little Bird Key South","mangrove island","N","needed to use overview camera and species determination was difficult; good coverage but couldn't tell species in most cases",
22,"27.6692","-82.7175","MWP","22","Jackass Key","mangrove island","N","small number of DCCO nests and GBHE nests counted in overviews; otherwise good coverage with main camera",
23,"27.9144","-82.8408","MWP","23","Pelican Island Tampa Bay","mangrove island","N","100% coverage with only a couple of nests dotted using overviews",
24,"27.9660","-82.8146","MWP","24","Clearwater Harbor Island","mangrove island","N","100% coverage; small area counted using overview photos",
25,"27.9707","-82.8038","MWP","25","Clearwater Harbor Wreck","old pier/dock","N","roost for DCCO",
26,"28.0380","-82.7946","MWP","26","Sand Keys","barrier island","N","overviews utilized for coverage",
27,"28.0731","-82.7831","MWP","27","Sutherland Bayou Spoil Island","barrier island","N","100% coverage using overviews and main camera photos",
28,"28.0754","-82.8000","MWP","28","Saint Joseph Sound Spoil Island","mangrove/barrier island","N","100% coverage with overview used for roosting birds and a small number ~10 DCCO nests",
29,"28.1138","-82.8390","MWP","29","3 Rooker Key","barrier island","N","very good coverage -- very close if not 100% coverage for all species",
30,"28.1739","-82.8046","MWP","30","Bird Key Anclote River","mangrove island","N","expected more birds but just 1 GBHE",
31,"28.6528","-82.6868","MWP","31","Crawl Key","mangrove island","N","100% coverage",
32,"28.6738","-82.6860","MWP","32","Bird Island Chassahowitzka Reefs","mangrove island","N","100% coverage; large greg and dcco chicks unattended but in nests still",
33,"28.7776","-82.7336","MWP","33","Homosassa Point Key","mangrove island","N","very good coverage; birds still on nests",
34,"28.8004","-82.7501","MWP","34","Saint Martins Key B","mangrove island","N","100% coverage",
35,"28.7990","-82.7370","MWP","35","Saint Martins Key C","mangrove island","N","used overviews to complete coverage",
36,"28.8004","-82.7555","MWP","36","Saint Martins Key A","mangrove island","N","used overviews to complete coverage - especially of roosting MAFR; several empty DCCO documented but these may have already fledged",
37,"28.8777","-82.7009","MWP","37","Bird Keys Crystal Bay","mangrove island","N","quite a few empty nests documented but could be GREG or DCCO -- these may have already fledged; good coverage of colony",
38,"28.9423","-82.7817","MWP","38","Crystal River Energy Canal Spoil","sandy breakwater","N","good photos and coverage but may have missed a very small number of LETE due to small size of birds",
39,"29.0969","-83.0661","MWP","39","Seahorse Key","mangrove island with ""palm"" trees","N","coverage about 70% with main camera; used overview to fill in and photos were very adequate to use for this purpose",
40,"25.7025","-81.3542","MWP","40","Pavillion Key","mangrove island","N","good coverage but only 1 roosting BRPE in photos; no screen captures made",
41,"25.8486","-82.4130","MWP","41","Chocoloskee Bay Islet","mangrove islands","N","series of small mangrove islands; coverage good except 3 small islands were only covered with overview; large chicks in nests some unattended by adults",
42,"25.8794","-81.4975","MWP","42","Fakahatchee Bay Islet","mangrove island","N","GREG WBN with good coverage; no other species documented",
43,"25.8389","-81.6674","MWP","43","Second Chance Critical Wildlife Area","sandy island","N","no screen captures; tern and BRPE roost only",
44,"25.9549","-81.7528","MWP","44","Marco Island","sandy island","N","complete coverage of blsk sites but may not have complete coverage of roosting terns/gulls",
45,"26.4243","-81.8933","MWP","45","Ostego Bay Islet North","mangrove island","N","good coverage; large GREG chicks in nests unattended; BRPE on nests",
46,"26.4226","-81.8953","MWP","46","Ostego Bay Islet South","mangrove island","N","small colony with complete coverage",
47,"26.4113","-81.8549","MWP","47","Black Key South Islet","mangrove island","N","small island with complete coverage",
48,"26.3885","-81.8592","MWP","48","East Long Key Islet","mangrove island","N","very small island with complete coverage",
49,"26.3531","-81.8415","MWP","49","Big Hickory Bay Islet","mangrove island","N","very small island with complete coverage; several empty nests that probably fledged?",
50,"26.3684","-81.8467","MWP","50","Estero Preserve Long Island","mangrove island","N","very small island with complete coverage; very small number of nests from a variety of species",
51,"26.4609","-81.9571","MWP","51","Matanzas Pass Spoil Island","shrub/bush island","N","main BRPE and GREG nesting areas has excellent coverage; DCCO nesting area covered in overview photo but probably 95% coverage",
52,"26.4565","-82.0755","MWP","52","Tarpon Bay Island","5 shrub islands","N","islands 2 and  5 covered in overview; GREG had large chicks in nests. 100% coverage using overviews",
53,"26.4939","-82.1020","MWP","53","Pine Island Sound 3","shrub island","N","100% coverage of all species; unable to identify empty nests",
54,"26.4945","-82.1043","MWP","54","Pine Island Sound 2","shrub/tree island","N","100% coverage",
55,"26.4979","-82.1124","MWP","55","Pine Island Sound 1","shrub/tree island","N","100% coverage of nesting area; very small number of MAFR roost covered in overview",
56,"26.5065","-82.1126","MWP","56","Clam Key","shrub/tree island","N","no screen captures made; 100% coverage",
57,"26.5592","-82.0712","MWP","57","Matlacha Pass National Wildlife Refuge","shrub/tree island","N","no screen captures made; 100% coverage",
58,"26.5126","-82.0330","MWP","58","Bird Island Matlacha Pass","shrub/tree island","N","100% coverage of all species",
59,"26.5100","-82.0250","MWP","59","Okeechobee Waterway Spoil Island","shrub/tree island","N","100% coverage of all species nesting",
60,"26.5145","-82.0549","MWP","60","Givney Key","shrub/tree island","N","100% coverage",
61,"26.6005","-82.1524","MWP","61","Hemp Key","sand island with small shrubs","N","100% coverage",
62,"26.7867","-82.1875","MWP","62","Turtle Bay Island","shrub island","N","100% coverage",
63,"26.7967","-82.2295","MWP","63","Cape Haze Islet","shrub island","N","100% coverage",
64,"26.7904","-82.2462","MWP","64","Gasparilla Sound Spoil Island","shrub/tree island with sandy spit","N","100% coverage with roost birds counted as well",
65,"26.9289","-82.3511","MWP","65","Lemon Bay Spoil Island","shrub island","N","100% coverage",
66,"26.8968","-82.3409","MWP","66","Stump Pass","sandy beach","N","no screen captures taken; only partial coverage of roosting terns; unknown % complete due to poor overviews",
67,"27.1412","-82.4719","MWP","67","Blackburn Bay Island South","shrub island","N","100% coverage",
68,"27.1515","-82.4751","MWP","68","Blackburn Bay Island North","shrub/tree island","N","100% coverage",
69,"27.1739","-82.4921","MWP","69","Dryman Bay Island","shrub island with sand spit","N","100% coverage",
70,"27.2087","-82.5038","MWP","70","Bird Keys Islet","shrub/tree island","N","100% coverage",
71,"27.2936","-82.5443","MWP","71","Edwards Islands Southeast","3 shrub/tree islands","N","100% coverage",
72,"27.4330","-82.6753","MWP","72","Longbeach Islet","shrub/tree island","N","100% coverage",
73,"27.4620","-82.6824","MWP","73","Cortez Island","shrub/tree island","N","100% coverage from overviews and poor photos. This is clearly an underestimate. Best guess is that 80% of nests counted for all species",
74,"27.5793","-82.7596","MWP","74","Egmont Key","sand/grassy island","N","terns chicks wandering in sections; others still at nest sites. 100% coverage using overviews but I would estimate 10 to 15% underestimate on tern species",
75,"25.1122","-80.8786","MWP","75","Palm Key","shrub/tree island","N","100% coverage",
76,"25.0325","-80.8786","MWP","76","Man of War Key","shrub/tree island","N","no screen captures; 100% coverage",
77,"25.0799","-80.9284","MWP","77","Clive Key","grassy/shrub/tree island","N","100% coverage",
78,"25.1040","-80.9514","MWP","78","Oyster Keys","shrub/tree island","N","100% coverage",
79,"25.1062","-80.9114","MWP","79","Frank Key","shrub/tree island","N","no screen capture; 100% coverage",
80,"25.0390","-81.0174","MWP","80","Carl Ross Key","shrub/tree island","N","100% coverage; MWP80 also used for Sandy Key [PJC Oct. 22]",
81,"25.0416","-80.8017","MWP","81","Dead Terrapin Key","shrub/tree island","N","100% coverage",
82,"24.9916","-80.8297","MWP","82","Rabbit Key","grassy/shrub island","N","100% coverage",
83,"24.9316","-80.8274","MWP","83","Upper Arsnicker Key","shrub/tree island","N","100% coverage",
84,"24.9203","-80.8269","MWP","84","Lower Arsnicker Key","shrub/tree island","N","100% coverage",
85,"24.7265","-81.0759","MWP","85","Rachel Key","shrub island","N","100% coverage",
86,"25.1092","-80.5646","MWP","86","Bob Key","shrub/sand? Island","N","100% coverage",
87,"24.7868","-81.3457","MWP","87","Water Key Mangroves","shrub island","N","100% coverage",
88,"24.7931","-80.9153","MWP","88","Channel Key","shrub/grassy island","N","100% coverage",
89,"24.8507","-80.7444","MWP","89","Veterans Key","shrub/tree island","N","100% coverage",
90,"24.9129","-80.7437","MWP","90","Peterson Key","shrub/tree island","N","100% coverage",
91,"24.9199","-80.7752","MWP","91","Buchanan Keys","shrub/tree island","N","100% coverage",
92,"25.008","-80.5631","MWP","92","Cowpens Cut Key","shrub/tree island","N","100% coverage",
93,"25.0925","-80.4555","MWP","93","Pelican Key","shrub/tree island","N","100% coverage",
94,"25.1091","-80.5649","MWP","94","Bob Key","shrub island","N","100% coverage",
95,"25.1802","-80.4893","MWP","95","Duck Key","shrub/tree island","N","100% coverage",
96,"24.6335","-81.7632","MWP","96","Bay Keys","shrub/tree island","N","100% coverage",
97,"24.6030","-81.9211","MWP","97","Cottrell Key","shrub/tree island","N","100% coverage",
98,"24.5328","-82.0043","MWP","98","Boca Grande Key","sand island with small very sparse shrubs","N","100% coverage of DCCO; tern species have an estimated 90-95% coverage",
99,"24.5700","-82.1300","MWP","99","Marquesas Keys","sandy beach","N","no screen captures; 100% coverage of roosting birds",
100,"24.6478","-82.8529","MWP","100","Hospital Key","sand island","N","100% coverage",
101,"24.6281","-82.8637","MWP","101","Bush and Long Keys","sand with sparse low plants/grass and small shrubs","N","good coverage but needed to use overviews to fill in; estimate 90-95% coverage of SOTE and BRNO; 100% coverage of ROST",
102,"29.2832","-94.8918","MWP","102","Jigsaw Island","sand with sparse low plants/grass","N","100% coverage",
103,"29.2975","-94.9395","MWP","103","Kanaloa Spoil North","sand with sparse low shrubs","N","100% coverage",
104,"29.5364","-94.8052","MWP","104","Smith Point Island","sand with sparse low shrubs","N","100% coverage",
105,"29.4282","-94.7638","MWP","105","Evia Island","sand/grass/low shrubs with rip rap area","N","100% coverage; tern, gull and pelican chicks wandering making estimates of sites challenging; although 100% coverage probably an underestimate due to stage of nesting with wandering chicks",
117,"27.8516","-97.4788","PJC","35","West Nueces Bay 51W D","shrubs","N","coverage good",
120,"27.8533","-97.4828","PJC","38","West Nueces Bay 51W A","shrubs","N","coverage good",
121,"27.8580","-97.4906","PJC","39","West Nueces Bay 51W P","shrubs","N","coverage good",
122,"27.8630","-97.4902","PJC","40","Skimmer Island Nueces Bay",,"N","no nesting birds detected",
123,"27.8154","-97.1908","PJC","43","CC Channel Spoil East","shrubs","N","coverage good",
124,"28.3968","-96.7229","PJC","59","Seadrift Island B","grass/low shrubs/sand","N",,
125,"28.3888","-96.7258","PJC","60","Seadrift Island C","sand w. patchy veg.","N",,
126,"28.2984","-96.6223","PJC","61","South Pass Island A","sand w. patchy veg.","N",,
127,"28.2961","-96.6213","PJC","62","South Pass Island B","sand w. patchy veg.","N",,
128,"29.1992","-90.4484","PJC","65","Terrebonne Bay 2","small oil platform","N","loafing birds",
129,"29.2490","-90.3960","PJC","66","Terrebonne Bay 3","intertidal beach","N","loafing birds",
130,"29.2164","-90.3540","PJC","67","Terrebonne Bay 4","wood pilings","N","loafing birds",
131,"29.2029","-90.3525","PJC","68","Terrebonne Bay 5","sandbar that used to be an island","N","loafing birds",
132,"29.0600","-90.4465","PJC","69","Terrebonne Bay 7","mudflats","N","loafing birds",
133,"28.6534","-96.2272","PJC","70","Coon Island","sand w. patchy, dry veg.","N","coverage good",
134,"28.7315","-95.7605","PJC","71","Dressing Point","grass/low shrubs/some beach","N","larger island",
135,"28.5992","-96.5617","PJC","72","Lavaca Bay Spoils E","low shrubs","N","larger island; rough estimates tallied from close-ups and shown on Ovs; all 3 White Egret spp. present",
136,"30.0909","-89.2318","SLF","24","Biloxi North 4",,"N","a single FOTE sitting, but additional habitat available if phenology was later at this island",
137,"29.1636","-90.0932","SLF","40","Barataria Bay 8",,"N","loafers on non-breeding, wet-sand habitat",
138,"29.1376","-90.1323","SLF","41","Barataria Bay 9",,"N","loafers on non-breeding, wet-sand habitat",
118,"27.8523","-97.4772","PJC","36","West Nueces Bay 51W J","shrubs/artificial platforms","N","coverage good",
119,"27.8590","-97.4930","PJC","37","West Nueces Bay 51W K","shrubs/beach/artificial platforms","N","coverage good",
139,"29.1181","-90.1650","SLF","42","Barataria Bay 10",,"N","loafers on non-breeding, wet-sand habitat",
